"averaging","ppfd","replicate","species","instrument","Leak","LeakPct","CorrFact","CorrFactPct","DarkAdaptedID","Qmax_d","Fo","Fm","Fv/Fm","A_dark","PS2/1","S","K","Geometry","Tleaf2","Offset","Offset2","Qamb_in","f_farred","Q_modavg","Q_farred","state","period","Total","Tleaf2_mv","Tleaf2_j","Pump","AccH2O_hum","AccH2O_des","DAC_1","DAC_2","DAC_3","DAC_4","GPIO","GPIO_dir","excit_5v","power_12v","power_5v","ch1_pullup","AuxPower","MatchValveR","MatchValveS","co2_fit_low","co2_fit_high","h2o_fit_low","h2o_fit_high","DIAG","oxygen","file_name","date_ymd","curve_identifier","ppfd_replicate","gmc_at_25","gmc_tl","drawdown_cm","alpha_g","alpha_old","alpha_s","alpha_t","J_at_25","RL_at_25","Tp_at_25","Vcmax_at_25","atp_use","nadph_use","curvature_cj","curvature_cjp","c3_assimilation_msg","c3_optional_arguments","Ca_atmospheric","npts","nparam","dof","RSS","MSE","RMSE","RSE","AIC","Gamma_star","gmc_tl_avg","J_tl_avg","RL_tl_avg","Tp_tl_avg","Vcmax_tl_avg","convergence","convergence_msg","feval","optimizer","operating_Ci","operating_Cc","operating_An","operating_An_model","optimum_val","alpha_g_lower","alpha_g_upper","alpha_old_lower","alpha_old_upper","alpha_s_lower","alpha_s_upper","alpha_t_lower","alpha_t_upper","Gamma_star_lower","Gamma_star_upper","gmc_at_25_lower","gmc_at_25_upper","J_at_25_lower","J_at_25_upper","RL_at_25_lower","RL_at_25_upper","Tp_at_25_lower","Tp_at_25_upper","Vcmax_at_25_lower","Vcmax_at_25_upper","gmc_tl_avg_lower","gmc_tl_avg_upper","J_tl_avg_lower","J_tl_avg_upper","RL_tl_avg_lower","RL_tl_avg_upper","Tp_tl_avg_lower","Tp_tl_avg_upper","Vcmax_tl_avg_lower","Vcmax_tl_avg_upper","n_Ac_limiting","n_Aj_limiting","n_Ap_limiting","n_Ad_limiting","Vcmax_trust","J_trust","alpha_g_trust","alpha_old_trust","alpha_s_trust","alpha_t_trust","Tp_trust","remove_unreliable_param","fit_type"
"SysObs","UserDefCon","UserDefCon","UserDefCon","UserDefCon","Leak","Leak","Leak","Leak","FLR","FLR","FLR","FLR","FLR","FLR","FLR","Const","Const","Const","Meas","Meas","Meas","Meas","FlrLS","FlrLS","FlrLS","FlrLS","FlrStats","Stability","Raw","Status2","Status2","Status2","Status2","Auxiliary","Auxiliary","Auxiliary","Auxiliary","Auxiliary","Auxiliary","Auxiliary","Auxiliary","Auxiliary","Auxiliary","Auxiliary","MchStatus","MchStatus","MchStatus","MchStatus","MchStatus","MchStatus","Status","in","read_gasex_file","NA","NA","NA","fit_c3_aci","apply_gm","apply_gm","fit_c3_aci","fit_c3_aci","fit_c3_aci","fit_c3_aci","fit_c3_aci","fit_c3_aci","fit_c3_aci","fit_c3_aci","fit_c3_aci","fit_c3_aci","fit_c3_aci","fit_c3_aci","fit_c3_aci","fit_c3_aci","fit_c3_aci","residual_stats","residual_stats","residual_stats","residual_stats","residual_stats","residual_stats","residual_stats","residual_stats","fit_c3_aci","fit_c3_aci","fit_c3_aci","fit_c3_aci","fit_c3_aci","fit_c3_aci","fit_c3_aci","fit_c3_aci","fit_c3_aci","NA","estimate_operating_point","estimate_operating_point","estimate_operating_point","fit_c3_aci","fit_c3_aci","confidence_intervals_c3_aci","confidence_intervals_c3_aci","confidence_intervals_c3_aci","confidence_intervals_c3_aci","confidence_intervals_c3_aci","confidence_intervals_c3_aci","confidence_intervals_c3_aci","confidence_intervals_c3_aci","confidence_intervals_c3_aci","confidence_intervals_c3_aci","confidence_intervals_c3_aci","confidence_intervals_c3_aci","confidence_intervals_c3_aci","confidence_intervals_c3_aci","confidence_intervals_c3_aci","confidence_intervals_c3_aci","confidence_intervals_c3_aci","confidence_intervals_c3_aci","confidence_intervals_c3_aci","confidence_intervals_c3_aci","fit_c3_aci","fit_c3_aci","fit_c3_aci","fit_c3_aci","fit_c3_aci","fit_c3_aci","fit_c3_aci","fit_c3_aci","fit_c3_aci","fit_c3_aci","identify_c3_unreliable_points","identify_c3_unreliable_points","identify_c3_unreliable_points","identify_c3_unreliable_points","identify_c3_unreliable_points","identify_c3_unreliable_points","identify_c3_unreliable_points","identify_c3_unreliable_points","identify_c3_unreliable_points","identify_c3_unreliable_points","identify_c3_unreliable_points","identify_c3_unreliable_points","NA"
"s","micromol m^(-2) s^(-1)","NA","NA","NA","micromol s^(-1)","%","NA","%","NA","NA","NA","NA","NA","micromol m^(-2) s^(-1)","NA","cm^2","NA","NA","degrees C","degrees C","degrees C","micromol m^(-2) s^(-1)","NA","micromol m^(-2) s^(-1)","micromol m^(-2) s^(-1)","NA","s","NA","mV","degrees C","NA","mg","mg","V","V","V","V","NA","NA","NA","NA","NA","NA","V","%","%","micromol mol^(-1)","micromol mol^(-1)","mmol mol^(-1)","mmol mol^(-1)","NA","percent","NA","NA","NA","NA","mol mol^(-2) s^(-1) bar^(-1)","mol m^(-2) s^(-1) bar^(-1)","micromol mol^(-1)","dimensionless","dimensionless","dimensionless","dimensionless","micromol m^(-2) s^(-1)","micromol m^(-2) s^(-1)","micromol m^(-2) s^(-1)","micromol m^(-2) s^(-1)","dimensionless","dimensionless","dimensionless","dimensionless","","","micromol mol^(-1)","NA","NA","NA","(micromol m^(-2) s^(-1))^2","(micromol m^(-2) s^(-1))^2","micromol m^(-2) s^(-1)","micromol m^(-2) s^(-1)","","micromol mol^(-1)","mol mol^(-2) s^(-1) bar^(-1)","micromol m^(-2) s^(-1)","micromol m^(-2) s^(-1)","micromol m^(-2) s^(-1)","micromol m^(-2) s^(-1)","","","","NA","micromol mol^(-1)","micromol mol^(-1)","micromol m^(-2) s^(-1)","micromol m^(-2) s^(-1)","","dimensionless","dimensionless","dimensionless","dimensionless","dimensionless","dimensionless","dimensionless","dimensionless","micromol mol^(-1)","micromol mol^(-1)","mol mol^(-2) s^(-1) bar^(-1)","mol mol^(-2) s^(-1) bar^(-1)","micromol m^(-2) s^(-1)","micromol m^(-2) s^(-1)","micromol m^(-2) s^(-1)","micromol m^(-2) s^(-1)","micromol m^(-2) s^(-1)","micromol m^(-2) s^(-1)","micromol m^(-2) s^(-1)","micromol m^(-2) s^(-1)","mol mol^(-2) s^(-1) bar^(-1)","mol mol^(-2) s^(-1) bar^(-1)","micromol m^(-2) s^(-1)","micromol m^(-2) s^(-1)","micromol m^(-2) s^(-1)","micromol m^(-2) s^(-1)","micromol m^(-2) s^(-1)","micromol m^(-2) s^(-1)","micromol m^(-2) s^(-1)","micromol m^(-2) s^(-1)","","","","","","","","","","","","","NA"
"none","100","wt-3-2","tobacco","mcgrath1","0","0","1","0","RECT-12243-20210724-05_20_30","10238.9","302.212","4052.3","0.925422105964514","-0.323430118240924","0.5","6","0.5","0: Broadleaf","999.9","0","0","0","0","5.00098","0","0","15","2","0","999.9","1","9999","9999","5","0","0","0","11111111","oooooooo","off","off","off","off","0","100","100","1","2242","1","25","18","21","data/tobacco/2023-03-23 ed aci mcgrath1","2023-03-23","100 - wt-3-2 - mcgrath1","100 - wt-3-2","Inf","Inf","0",NA,NA,NA,NA,"29.627293843828","0.888004169120656",NA,"20.922826021609","4","8","1","1","","consider_depletion = FALSE","420","17","5","12","0.326024848374677","0.0191779322573339","0.138484411604101","0.164829418989926","-6.97400525470024",NA,"Inf","33.3413310305626","1.00603185238551",NA,"24.9374820179175",NA,NA,"10050","optimizer_deoptim","292.127065248485","292.127065248485","4.28014874351774","4.67073423641187","-9.48700262735013",NA,NA,"0.0896637818922099","Inf",NA,NA,NA,NA,NA,NA,NA,NA,"29.1179478268228","30.1665540350809","0.82995724232617","0.946038169494589","2.0964805839683","Inf","20.1792460521891","22.2103584620576",NA,NA,"32.7681340908897","33.9481921446063","0.940269709234569","1.07177935102095","2.35371799661747","Inf","24.0512244876421","26.4720652070149","11","5","1","0","2","2","1","1","1","1","1","2","without Ad"
"none","100","wt-4","tobacco","ripe5","0","0","1","0","RECT-12243-20210724-05_20_30","10238.9","302.212","4052.3","0.925422105964514","-0.323430118240924","0.5","6","0.5","0: Broadleaf","999.9","0","0","0","0","4.99958","0","0","15","2","0","999.9","1","9999","9999","5","0","0","0","11111111","oooooooo","off","off","off","off","0","100","100","6","2275","1","21","18","21","data/tobacco/2023-03-23 ed aci ripe5","2023-03-23","100 - wt-4 - ripe5","100 - wt-4","Inf","Inf","0",NA,NA,NA,NA,"33.2992502876278","0.967395929874321",NA,"20.5290378390412","4","8","1","1","","consider_depletion = FALSE","420","17","5","12","0.677982583819203","0.0398813284599531","0.199703100777011","0.237694233526184","5.47251073778571",NA,"Inf","37.495008764573","1.09663755298437",NA,"24.4889449446112",NA,NA,"10050","optimizer_deoptim","308.350356534829","308.350356534829","4.48036550278454","5.20267885574509","-3.26374463110715",NA,NA,"-6.29646661543801","Inf",NA,NA,NA,NA,NA,NA,NA,NA,"32.6365978900169","33.9618854217461","0.883738230808987","1.0510350869588","1.95664988127858","Inf","19.4900839919818","21.5680104122987",NA,NA,"36.7488611113473","38.2411369790784","1.00180339919252","1.19145068763413","2.19788023052274","Inf","23.2495842030063","25.7283280245662","11","6","0","0","2","2","0","0","0","0","0","2","without Ad"
"none","100","wt-7","tobacco","ripe5","0","0","1","0","RECT-12243-20210724-05_20_30","10238.9","302.212","4052.3","0.925422105964514","-0.323430118240924","0.5","6","0.5","0: Broadleaf","999.9","0","0","0","0","4.99958","0","0","15","2","0","999.9","1","9999","9999","5","0","0","0","11111111","oooooooo","off","off","off","off","0","100","100","6","2275","1","21","18","21","data/tobacco/2023-03-23 ed aci ripe5","2023-03-23","100 - wt-7 - ripe5","100 - wt-7","Inf","Inf","0",NA,NA,NA,NA,"33.6860108181371","1.62300329883011",NA,NA,"4","8","1","1","","consider_depletion = TRUE","420","17","5","12","0.823464260137088","0.0484390741257111","0.220088786914988","0.261958053279701","8.77728606556263",NA,"Inf","37.8986313803112","1.83819993296436",NA,NA,NA,NA,"10050","optimizer_deoptim","319.322134572286","319.322134572286","4.70090854155861","4.84032309485574","-1.61135696721868",NA,NA,"1.77127294775296","Inf",NA,NA,NA,NA,NA,NA,NA,NA,"33.0246330628721","34.379920492975","1.52999532728529","1.71455906272036","1.97010087264671","Inf","38.5089877969681","Inf",NA,NA,"37.1545447063132","38.6793182689988","1.73285988394407","1.94189522376682","2.21125570258963","Inf","45.8799963680425","Inf","0","14","1","2","0","2","1","1","1","1","1","2","with Ad"
"none","100","wt-8","tobacco","mcgrath1","0","0","1","0","RECT-12243-20210724-05_20_30","10238.9","302.212","4052.3","0.925422105964514","-0.323430118240924","0.5","6","0.5","0: Broadleaf","999.9","0","0","0","0","5.00098","0","0","15","2","0","999.9","1","9999","9999","5","0","0","0","11111111","oooooooo","off","off","off","off","0","100","100","1","2242","1","25","18","21","data/tobacco/2023-03-21 ed aci mcgrath1","2023-03-21","100 - wt-8 - mcgrath1","100 - wt-8","Inf","Inf","0",NA,NA,NA,NA,"29.7561770831648","1.13107923313573",NA,"21.1530286987319","4","8","1","1","","consider_depletion = FALSE","420","16","5","11","0.953895104329442","0.0596184440205901","0.24416888421867","0.294478754339294","12.2893884329168",NA,"Inf","33.5103487898906","1.28238444043731",NA,"25.2387172586624",NA,NA,"10050","optimizer_deoptim","322.907257729305","322.907257729305","3.91231970801166","4.62739381231914","0.144694216458414",NA,NA,"-4.20370214851785","Inf",NA,NA,NA,NA,NA,NA,NA,NA,"28.9333562306646","30.5790072487252","1.02565079374933","1.23650463103393","0.627739929959582","Inf","18.8827575249028","22.7765947808283",NA,NA,"32.5837171973371","34.4369908704814","1.1628527698983","1.40191266262627","0.705226541453631","Inf","22.5299452396372","27.1758736763268","10","6","0","0","2","2","0","0","0","0","0","2","without Ad"
"none","1000","wt-1","tobacco","mcgrath1","0","0","1","0","RECT-12243-20210724-05_20_30","10238.9","302.212","4052.3","0.925422105964514","-0.323430118240924","0.5","6","0.5","0: Broadleaf","999.9","0","0","0","0","5.00098","0","0","15","2","0","999.9","1","9999","9999","5","0","0","0","11111111","oooooooo","off","off","off","off","0","100","100","1","2242","1","25","18","21","data/tobacco/2023-03-23 ed aci mcgrath1","2023-03-23","1000 - wt-1 - mcgrath1","1000 - wt-1","Inf","Inf","0","0","1.06208902921079","0","0",NA,"1.58470314613111","6.48512949062041","65.7656090179428","4","8","1","1","","consider_depletion = TRUE","420","17","5","12","4.22619648793633","0.248599793408019","0.498597827319794","0.593450116405213","36.5814243031911",NA,"Inf",NA,"1.79616046947593","7.28370707745836","78.4359542460542",NA,NA,"10050","optimizer_deoptim","264.297250397377","264.297250397377","15.3448360695318","15.804456933284","12.2907121515956",NA,NA,"0.957900583149935","1.16093255996081",NA,NA,NA,NA,NA,NA,NA,NA,"118.038851480977","Inf","1.37653722585367","1.79436905586483","6.36227465925301","6.60698317974403","64.167286633641","67.3617915027231",NA,NA,"132.894037514828","Inf","1.56021760660773","2.0338034752211","7.14572392600011","7.42056580621125","76.5297004566102","80.3396558647896","10","0","4","3","2","0","2","2","2","2","2","2","with Ad"
"none","1000","wt-5","tobacco","mcgrath1","0","0","1","0","RECT-12243-20210724-05_20_30","10238.9","302.212","4052.3","0.925422105964514","-0.323430118240924","0.5","6","0.5","0: Broadleaf","999.9","0","0","0","0","5.00098","0","0","15","2","0","999.9","1","9999","9999","5","0","0","0","11111111","oooooooo","off","off","off","off","0","100","100","1","2242","1","25","18","21","data/tobacco/2023-03-21 ed aci mcgrath1","2023-03-21","1000 - wt-5 - mcgrath1","1000 - wt-5","Inf","Inf","0","0","0.575051865038968","0","0",NA,"2.27174150474489","9.73392904149059","78.6506303437544","4","8","1","1","","consider_depletion = TRUE","420","16","5","11","28.0545027725406","1.75340642328379","1.32416253658068","1.59700010737578","66.3909998384886",NA,"Inf",NA,"2.57426500607407","10.9303611026615","93.7719281342277",NA,NA,"10050","optimizer_deoptim","229.353206919008","229.353206919008","12.5389042514532","15.8558943577972","27.1954999192443",NA,NA,"0.279371655579296","0.934367376251936",NA,NA,NA,NA,NA,NA,NA,NA,"143.808335405643","Inf","1.69962426057643","2.84375660834692","9.32254202497184","10.1571422293351","73.1604581413778","84.1392375209923",NA,NA,"161.870348395681","Inf","1.925959995157","3.22245427455947","10.4684090353792","11.4055929383192","87.2262204780312","100.315769874993","10","1","3","2","2","1","2","2","2","2","2","2","with Ad"
"none","1200","wt-6","tobacco","mcgrath1","0","0","1","0","RECT-12243-20210724-05_20_30","10238.9","302.212","4052.3","0.925422105964514","-0.323430118240924","0.5","6","0.5","0: Broadleaf","999.9","0","0","0","0","5.00098","0","0","15","2","0","999.9","1","9999","9999","5","0","0","0","11111111","oooooooo","off","off","off","off","0","100","100","1","2242","1","25","18","21","data/tobacco/2023-03-23 ed aci mcgrath1","2023-03-23","1200 - wt-6 - mcgrath1","1200 - wt-6","Inf","Inf","0","0","0.963818361092391","0","0","168.291384628673","1.81247808390877","9.53466063907593","93.5660513821464","4","8","1","1","","consider_depletion = TRUE","420","17","5","12","2.51317407962417","0.147833769389657","0.384491572586002","0.45763650783347","27.7455742525937",NA,"Inf","189.59783777341","2.05578352169251","10.7153757319582","111.703485720375",NA,NA,"10050","optimizer_deoptim","269.084019510217","269.084019510217","23.1610315508057","23.4106099661676","7.87278712629684",NA,NA,"0.883191440779057","1.041873408455",NA,NA,NA,NA,NA,NA,NA,NA,"165.466189411113","171.559014408763","1.65131504045658","1.97331539315752","9.42106063886484","9.6478433471536","92.2829267407343","94.9275890656385",NA,NA,"186.414960018145","193.279164314968","1.87298609535326","2.23821148756003","10.5877081901871","10.842574306645","110.171632094597","113.328952467545","10","1","3","3","2","2","2","2","2","2","2","2","with Ad"
"none","150","wt-1","tobacco","ripe5","0","0","1","0","RECT-12243-20210724-05_20_30","10238.9","302.212","4052.3","0.925422105964514","-0.323430118240924","0.5","6","0.5","0: Broadleaf","999.9","0","0","0","0","4.99958","0","0","15","2","0","999.9","1","9999","9999","5","0","0","0","11111111","oooooooo","off","off","off","off","0","100","100","6","2275","1","21","18","21","data/tobacco/2023-03-24 ed aci ripe5","2023-03-24","150 - wt-1 - ripe5","150 - wt-1","Inf","Inf","0",NA,NA,NA,NA,"52.4744854635373","2.40586279843133",NA,"29.6892359838226","4","8","1","1","","consider_depletion = FALSE","420","17","5","12","0.748576622840213","0.0440339189906008","0.209842605279769","0.249762657810739","7.15639417876136",NA,"Inf","59.0228040239303","2.72418107450814",NA,"35.3595277866524",NA,NA,"10050","optimizer_deoptim","331.129724173434","331.129724173434","6.30003261675065","6.94132641130723","-2.42180291061932",NA,NA,"-0.189437842787477","Inf",NA,NA,NA,NA,NA,NA,NA,NA,"51.6996616827093","53.3329371178417","2.31793620396788","2.49392910772466","3.83444148331558","Inf","28.7382953683898","30.6432337946389",NA,NA,"58.151289577149","59.9883823103765","2.6246209646218","2.82389938481042","4.3029040660436","Inf","34.226968796816","36.4957278599161","11","5","1","0","2","2","1","1","1","1","1","2","without Ad"
"none","150","wt-3","tobacco","mcgrath1","0","0","1","0","RECT-12243-20210724-05_20_30","10238.9","302.212","4052.3","0.925422105964514","-0.323430118240924","0.5","6","0.5","0: Broadleaf","999.9","0","0","0","0","5.00098","0","0","15","2","0","999.9","1","9999","9999","5","0","0","0","11111111","oooooooo","off","off","off","off","0","100","100","1","2242","1","25","18","21","data/tobacco/2023-03-24 ed aci mcgrath1","2023-03-24","150 - wt-3 - mcgrath1","150 - wt-3","Inf","Inf","0",NA,NA,NA,NA,"43.8758751287871","1.01024106081565",NA,"27.1384809887647","4","8","1","1","","consider_depletion = FALSE","420","17","5","12","1.75185984860172","0.103050579329513","0.321014920727235","0.38208418014465","21.6108091818125",NA,"Inf","49.3799460999061","1.14461026995708",NA,"32.3496396136771",NA,NA,"10050","optimizer_deoptim","334.415840755915","334.415840755915","6.67314511502439","7.6511590287992","4.80540459090625",NA,NA,"-0.251552569928563","Inf",NA,NA,NA,NA,NA,NA,NA,NA,"42.6817705358703","45.3631008392483","0.875881386026165","1.14500791330246","3.1268941287723","Inf","25.6154426283935","28.6501677965058",NA,NA,"48.0360453739877","51.05373893493","0.992379807746436","1.29730206737981","3.51079561633732","Inf","30.5341458837144","34.1516020543687","11","4","2","0","2","2","1","1","1","1","1","2","without Ad"
"none","150","wt-6","tobacco","ripe5","0","0","1","0","RECT-12243-20210724-05_20_30","10238.9","302.212","4052.3","0.925422105964514","-0.323430118240924","0.5","6","0.5","0: Broadleaf","999.9","0","0","0","0","4.99958","0","0","15","2","0","999.9","1","9999","9999","5","0","0","0","11111111","oooooooo","off","off","off","off","0","100","100","6","2275","1","21","18","21","data/tobacco/2023-03-23 ed aci ripe5","2023-03-23","150 - wt-6 - ripe5","150 - wt-6","Inf","Inf","0",NA,NA,NA,NA,"48.1257457957945","1.25202514604553",NA,"40.5840953603781","4","8","1","1","","consider_depletion = TRUE","420","17","5","12","0.952484553952569","0.0560285031736805","0.236703407608933","0.2817334073719","11.2516996765992",NA,"Inf","54.1040293997549","1.41692302049245",NA,"48.298903249241",NA,NA,"10050","optimizer_deoptim","350.713627308201","350.713627308201","7.88988070849645","8.39524468075714","-0.374150161700399",NA,NA,"-12.1438323200704","Inf",NA,NA,NA,NA,NA,NA,NA,NA,"47.4057819143719","48.845469411704","1.15271347943943","1.3513725165448","1.70652170900059","Inf","38.2166253569523","42.9462914730827",NA,NA,"53.2946300571964","54.9131586305016","1.30453151856288","1.52935492869367","1.91411775201654","Inf","45.4813905358105","51.1101395350359","6","8","0","3","2","2","0","0","0","0","0","2","with Ad"
"none","1500","wt-10","tobacco","mcgrath2","0","0","1","0","RECT-12243-20210724-05_20_30","10238.9","302.212","4052.3","0.925422105964514","-0.323430118240924","0.5","6","0.5","0: Broadleaf","999.9","0","0","0","0","4.99977","0","0","15","2","0","999.9","1","9999","9999","5","0","0","0","11111111","oooooooo","off","off","off","off","0","100","100","2","2094","1","26","18","21","data/tobacco/2023-03-21 ed aci mcgrath2","2023-03-21","1500 - wt-10 - mcgrath2","1500 - wt-10","Inf","Inf","0","0","1.35788715607702","0","0","168.283033978255","2.01497609440232","9.09092286156755","86.7039439441595","4","8","1","1","","consider_depletion = TRUE","420","16","5","11","3.55184731445831","0.221990457153644","0.471158632685048","0.568238691401158","33.3240989212988",NA,"Inf","189.517823146325","2.2845650124079","10.21322708813","103.453684849262",NA,NA,"10050","optimizer_deoptim","276.830829962625","276.830829962625","21.1076082808063","21.927093287965","10.6620494606494",NA,NA,"1.2693368715857","1.44422443009908",NA,NA,NA,NA,NA,NA,NA,NA,"164.337416226408","172.307378587518","1.80833507316925","2.21523866610389","8.96142792580573","9.22227355132479","84.9325757886717","88.4631628111595",NA,NA,"185.074327746818","194.049979549191","2.05027694886769","2.51162123698307","10.0677455780745","10.3607934510946","101.340118215801","105.552755156429","10","1","3","2","2","2","2","2","2","2","2","2","with Ad"
"none","1500","wt-7","tobacco","mcgrath1","0","0","1","0","RECT-12243-20210724-05_20_30","10238.9","302.212","4052.3","0.925422105964514","-0.323430118240924","0.5","6","0.5","0: Broadleaf","999.9","0","0","0","0","5.00098","0","0","15","2","0","999.9","1","9999","9999","5","0","0","0","11111111","oooooooo","off","off","off","off","0","100","100","1","2242","1","25","18","21","data/tobacco/2023-03-23 ed aci mcgrath1","2023-03-23","1500 - wt-7 - mcgrath1","1500 - wt-7","Inf","Inf","0","0","0.954374945209699","0","0","174.074100638496","1.88506281115012","10.2731693515421","96.2020829942156","4","8","1","1","","consider_depletion = TRUE","420","17","5","12","1.46756236797177","0.0863271981159865","0.293814904516409","0.349709685307181","18.6005303918776",NA,"Inf","195.940050295203","2.13612309704126","11.53604252816","114.699986350232",NA,NA,"10050","optimizer_deoptim","298.898346702836","298.898346702836","26.6884240179904","26.5910291518765","3.30026519593879",NA,NA,"0.89702122475201","1.01048608445033",NA,NA,NA,NA,NA,NA,NA,NA,"172.250934049388","175.892616828636","1.76222581234649","2.00851014162898","10.1864262649312","10.3596923283959","95.0381127629632","97.3623596161196",NA,NA,"193.88787049444","197.986995546976","1.99692617014652","2.27601164205111","11.4386361775076","11.6332017111241","113.312205904305","116.083362973198","9","2","3","3","2","2","2","2","2","2","2","2","with Ad"
"none","200","wt-1","tobacco","ripe5","0","0","1","0","RECT-12243-20210724-05_20_30","10238.9","302.212","4052.3","0.925422105964514","-0.323430118240924","0.5","6","0.5","0: Broadleaf","999.9","0","0","0","0","4.99958","0","0","15","2","0","999.9","1","9999","9999","5","0","0","0","11111111","oooooooo","off","off","off","off","0","100","100","6","2275","1","21","18","21","data/tobacco/2023-03-23 ed aci ripe5","2023-03-23","200 - wt-1 - ripe5","200 - wt-1","Inf","Inf","0",NA,NA,NA,NA,"64.3869827910069","1.02281528732423",NA,"38.1905362489351","4","8","1","1","","consider_depletion = FALSE","420","17","5","12","1.46473859485596","0.0861610938150563","0.293532100144186","0.349373080776596","18.5677887610449",NA,"Inf","72.4700958385844","1.15895846982994",NA,"45.5296060741058",NA,NA,"10050","optimizer_deoptim","314.176096932793","314.176096932793","9.75829328278414","10.7285540960712","3.28389438052242",NA,NA,"0.00839043352919968","Inf",NA,NA,NA,NA,NA,NA,NA,NA,"63.2959079897849","65.5381226654388","0.899770405633414","1.14582411845396","4.59140086857105","Inf","36.673675677893","39.7074496077892",NA,NA,"71.2420479943754","73.7657492984535","1.01953553631293","1.29834055422823","5.15548114614262","Inf","43.721250626601","47.3380244536488","11","5","1","0","2","2","1","1","1","1","1","2","without Ad"
"none","200","wt-10","tobacco","mcgrath1","0","0","1","0","RECT-12243-20210724-05_20_30","10238.9","302.212","4052.3","0.925422105964514","-0.323430118240924","0.5","6","0.5","0: Broadleaf","999.9","0","0","0","0","5.00098","0","0","15","2","0","999.9","1","9999","9999","5","0","0","0","11111111","oooooooo","off","off","off","off","0","100","100","1","2242","1","25","18","21","data/tobacco/2023-03-21 ed aci mcgrath1","2023-03-21","200 - wt-10 - mcgrath1","200 - wt-10","Inf","Inf","0",NA,NA,NA,NA,"57.0948269337858","1.20551333018556",NA,"35.0703791899166","4","8","1","1","","consider_depletion = FALSE","420","16","5","11","1.80308377161532","0.112692735725957","0.335697387130072","0.40486628225932","22.4765879945671",NA,"Inf","64.27858510898","1.36633585985978",NA,"41.8252385401041",NA,NA,"10050","optimizer_deoptim","329.196176072015","329.196176072015","8.76431825951303","10.0024906502414","5.23829399728353",NA,NA,"1.88963131516674","Inf",NA,NA,NA,NA,NA,NA,NA,NA,"55.8433481631016","58.4595842381827","1.06017678583903","1.35015742670458","3.29086933662411","Inf","33.5242451599668","36.6337092412387",NA,NA,"62.8696433712846","65.8150582582114","1.20161057037816","1.53027632492335","3.69605266270432","Inf","39.9813056796285","43.6896795248841","11","4","1","0","2","2","1","1","1","1","1","2","without Ad"
"none","200","wt-8","tobacco","mcgrath1","0","0","1","0","RECT-12243-20210724-05_20_30","10238.9","302.212","4052.3","0.925422105964514","-0.323430118240924","0.5","6","0.5","0: Broadleaf","999.9","0","0","0","0","5.00098","0","0","15","2","0","999.9","1","9999","9999","5","0","0","0","11111111","oooooooo","off","off","off","off","0","100","100","1","2242","1","25","18","21","data/tobacco/2023-03-23 ed aci mcgrath1","2023-03-23","200 - wt-8 - mcgrath1","200 - wt-8","Inf","Inf","0",NA,NA,NA,NA,"57.4330153282704","0.966303145160735",NA,"34.7360640809487","4","8","1","1","","consider_depletion = FALSE","420","17","5","12","0.441384091134103","0.025963770066712","0.161132771547913","0.191786359250361","-1.82399378994241",NA,"Inf","64.6490934532925","1.09503054117292",NA,"41.4167928756244",NA,NA,"10050","optimizer_deoptim","291.086334604952","291.086334604952","8.22285789477896","9.04839315960328","-6.91199689497121",NA,NA,"-14.1422572822254","Inf",NA,NA,NA,NA,NA,NA,NA,NA,"56.8963429861082","57.9697165514931","0.89875816377935","1.03380665974213","1.28160761806909","Inf","33.8338274856082","35.6382797298762",NA,NA,"64.0449917845235","65.253227631836","1.01848746265146","1.17152662883787","1.43919374399591","Inf","40.3410306330472","42.4925301432001","11","6","0","0","2","2","0","0","0","0","0","2","without Ad"
"none","250","wt-1","tobacco","mcgrath2","0","0","1","0","RECT-12243-20210724-05_20_30","10238.9","302.212","4052.3","0.925422105964514","-0.323430118240924","0.5","6","0.5","0: Broadleaf","999.9","0","0","0","0","4.99977","0","0","15","2","0","999.9","1","9999","9999","5","0","0","0","11111111","oooooooo","off","off","off","off","0","100","100","2","2094","1","26","18","21","data/tobacco/2023-03-21 ed aci mcgrath2","2023-03-21","250 - wt-1 - mcgrath2","250 - wt-1","Inf","Inf","0",NA,NA,NA,NA,"68.8526457622263","1.42667342313365",NA,"34.2870364117598","4","8","1","1","","consider_depletion = FALSE","420","16","5","11","0.595969072474535","0.0372480670296584","0.192997582963255","0.232763842958038","4.7635494253616",NA,"Inf","77.5195994301649","1.61708548646144",NA,"40.8944739924444",NA,NA,"10050","optimizer_deoptim","240.406279401631","240.406279401631","6.62226627886584","6.78851424491315","-3.6182252873192",NA,NA,"0.936823183389276","Inf",NA,NA,NA,NA,NA,NA,NA,NA,"68.0899107309311","69.6153793146783","1.34333330905329","1.5100004480694","2.68335567583409","Inf","33.5757586985209","34.9983060689386",NA,NA,"76.6608537212266","78.3783434741079","1.52262232009547","1.71153381673009","3.01381280664368","Inf","40.046126308027","41.7428120683225","12","4","0","0","2","2","0","0","0","0","0","2","without Ad"
"none","250","wt-1","tobacco","ripe5","0","0","1","0","RECT-12243-20210724-05_20_30","10238.9","302.212","4052.3","0.925422105964514","-0.323430118240924","0.5","6","0.5","0: Broadleaf","999.9","0","0","0","0","4.99958","0","0","15","2","0","999.9","1","9999","9999","5","0","0","0","11111111","oooooooo","off","off","off","off","0","100","100","6","2275","1","21","18","21","data/tobacco/2023-03-24 ed aci ripe5","2023-03-24","250 - wt-1 - ripe5","250 - wt-1","Inf","Inf","0",NA,NA,NA,NA,"79.4745426793608","1.37110853428764",NA,"50.930114076088","4","8","1","1","","consider_depletion = FALSE","420","17","5","12","2.36488757889218","0.139111034052481","0.37297591618291","0.443930135165075","26.7117015328557",NA,"Inf","89.4182808512471","1.55299735601927",NA,"60.6834122691598",NA,NA,"10050","optimizer_deoptim","303.908917666566","303.908917666566","12.1342380813404","13.8306205880759","7.35585076642784",NA,NA,"-0.00708520401409258","Inf",NA,NA,NA,NA,NA,NA,NA,NA,"78.1196202293787","80.8749751569979","1.21455542121631","1.52735294417579","5.68236131164725","Inf","48.9000712278328","52.9663095227211",NA,NA,"87.8938324923185","90.993933385717","1.37567618515902","1.72996887168061","6.37830942377441","Inf","58.2646089870645","63.10954639413","11","5","1","0","2","2","1","1","1","1","1","2","without Ad"
"none","250","wt-5","tobacco","ripe5","0","0","1","0","RECT-12243-20210724-05_20_30","10238.9","302.212","4052.3","0.925422105964514","-0.323430118240924","0.5","6","0.5","0: Broadleaf","999.9","0","0","0","0","4.99958","0","0","15","2","0","999.9","1","9999","9999","5","0","0","0","11111111","oooooooo","off","off","off","off","0","100","100","6","2275","1","21","18","21","data/tobacco/2023-03-23 ed aci ripe5","2023-03-23","250 - wt-5 - ripe5","250 - wt-5","Inf","Inf","0",NA,NA,NA,NA,"77.533827120575","1.265029751262",NA,"55.2739603558904","4","8","1","1","","consider_depletion = TRUE","420","17","5","12","2.28122067583686","0.134189451519815","0.366318784011707","0.436006563008408","26.0993649052555",NA,"Inf","87.2701514581526","1.43346091676247",NA,"65.8989197224576",NA,NA,"10050","optimizer_deoptim","339.107150652339","339.107150652339","13.5532098986057","14.2313445278896","7.04968245262773",NA,NA,"2.29367438009163","Inf",NA,NA,NA,NA,NA,NA,NA,NA,"76.2401469875333","78.7978628300444","1.11274599912953","1.41983763558249","4.31247293456549","Inf","52.8579922065251","57.6846515513958",NA,NA,"85.8140172088606","88.6929186800305","1.26090149140345","1.60888054745394","4.84244380926963","Inf","63.018545490144","68.7730026458702","7","6","1","3","2","2","1","1","1","1","1","2","with Ad"
"none","250","wt-7","tobacco","mcgrath1","0","0","1","0","RECT-12243-20210724-05_20_30","10238.9","302.212","4052.3","0.925422105964514","-0.323430118240924","0.5","6","0.5","0: Broadleaf","999.9","0","0","0","0","5.00098","0","0","15","2","0","999.9","1","9999","9999","5","0","0","0","11111111","oooooooo","off","off","off","off","0","100","100","1","2242","1","25","18","21","data/tobacco/2023-03-24 ed aci mcgrath1","2023-03-24","250 - wt-7 - mcgrath1","250 - wt-7","Inf","Inf","0",NA,NA,NA,NA,"70.980560865429","1.22952111316401",NA,"42.6137552093698","4","8","1","1","","consider_depletion = FALSE","420","17","5","12","2.62839469685242","0.154611452756025","0.393206628575899","0.468009499267235","28.5076290129079",NA,"Inf","79.7908199353009","1.39132461695646",NA,"50.7078200915221",NA,NA,"10050","optimizer_deoptim","331.420433852024","331.420433852024","11.216560472692","12.5107594569702","8.25381450645395",NA,NA,"-46.5831150164311","Inf",NA,NA,NA,NA,NA,NA,NA,NA,"69.6618665303594","72.299260262313","1.06446188980801","1.39455003693656","2.72961565360484","Inf","40.7538745641002","44.4736547106571",NA,NA,"78.3084464381582","81.2731991225413","1.20454379778049","1.57807114916013","3.06140348158534","Inf","48.4946733578285","52.920989262749","11","6","0","0","2","2","0","0","0","0","0","2","without Ad"
"none","300","wt-1","tobacco","mcgrath1","0","0","1","0","RECT-12243-20210724-05_20_30","10238.9","302.212","4052.3","0.925422105964514","-0.323430118240924","0.5","6","0.5","0: Broadleaf","999.9","0","0","0","0","5.00098","0","0","15","2","0","999.9","1","9999","9999","5","0","0","0","11111111","oooooooo","off","off","off","off","0","100","100","1","2242","1","25","18","21","data/tobacco/2023-03-21 ed aci mcgrath1","2023-03-21","300 - wt-1 - mcgrath1","300 - wt-1","Inf","Inf","0",NA,NA,NA,NA,"83.5950208879766","1.46462650398739",NA,"50.4673676248336","4","8","1","1","","consider_depletion = FALSE","420","16","5","11","0.757506724607659","0.0473441702879787","0.217587155613512","0.262419983407524","8.6010476784223",NA,"Inf","94.1025101168738","1.65981933193337",NA,"60.1777593491629",NA,NA,"10050","optimizer_deoptim","259.743412656088","259.743412656088","10.3915291461368","11.6396557800904","-1.69947616078885",NA,NA,"-34.7975843336862","Inf",NA,NA,NA,NA,NA,NA,NA,NA,"82.808988915822","84.3810811889889","1.37063907170705","1.5586080844124","1.77895701733944","Inf","49.1512945863359","51.7834476843963",NA,NA,"93.217677733005","94.9873743904004","1.55330606275999","1.76632596936646","1.9977832657742","Inf","58.6084615964965","61.7470654738125","11","5","0","0","2","2","0","0","0","0","0","2","without Ad"
"none","300","wt-3","tobacco","ripe5","0","0","1","0","RECT-12243-20210724-05_20_30","10238.9","302.212","4052.3","0.925422105964514","-0.323430118240924","0.5","6","0.5","0: Broadleaf","999.9","0","0","0","0","4.99958","0","0","15","2","0","999.9","1","9999","9999","5","0","0","0","11111111","oooooooo","off","off","off","off","0","100","100","6","2275","1","21","18","21","data/tobacco/2023-03-24 ed aci ripe5","2023-03-24","300 - wt-3 - ripe5","300 - wt-3","Inf","Inf","0",NA,NA,NA,NA,"94.1395184114937","1.54672746013164",NA,"56.8511801930295","4","8","1","1","","consider_depletion = FALSE","420","17","5","12","1.32764901124464","0.0780970006614492","0.279458405959544","0.332622034152459","16.8972484751164",NA,"Inf","105.982228650934","1.75303450000185",NA,"67.7995648808997",NA,NA,"10050","optimizer_deoptim","258.000947604703","258.000947604703","11.8651562677087","13.1549997941543","2.4486242375582",NA,NA,"0.0989271578768905","Inf",NA,NA,NA,NA,NA,NA,NA,NA,"93.1403981526554","95.2148048325733","1.43116325064344","1.66538993224598","6.77500503459404","Inf","54.9722058537703","58.7315505653495",NA,NA,"104.85741950055","107.192785633454","1.62205599769931","1.88752452027617","7.60896431629283","Inf","65.5587381787696","70.0420564637545","11","5","1","0","2","2","1","1","1","1","1","2","without Ad"
"none","300","wt-8","tobacco","ripe5","0","0","1","0","RECT-12243-20210724-05_20_30","10238.9","302.212","4052.3","0.925422105964514","-0.323430118240924","0.5","6","0.5","0: Broadleaf","999.9","0","0","0","0","4.99958","0","0","15","2","0","999.9","1","9999","9999","5","0","0","0","11111111","oooooooo","off","off","off","off","0","100","100","6","2275","1","21","18","21","data/tobacco/2023-03-23 ed aci ripe5","2023-03-23","300 - wt-8 - ripe5","300 - wt-8","Inf","Inf","0","0","0.142441922213091","0","0","85.1046866866237","1.09824861255808","5.9723140858876","52.6167816383996","4","8","1","1","","consider_depletion = FALSE","420","17","5","12","0.417708775179826","0.0245711044223427","0.156751728610381","0.186571875153569","-2.7612203092657",NA,"Inf","95.8267833980299","1.24495491055722","6.70855072721887","62.7649695758618",NA,NA,"10050","optimizer_deoptim","259.005738454729","259.005738454729","11.4143605692797","12.5860926734237","-7.38061015463285",NA,NA,"0.0702059832557863","0.212766968172638",NA,NA,NA,NA,NA,NA,NA,NA,"84.2929187014476","85.8762180368829","1.03313772795609","1.16448756644103","5.92033540824705","6.02377735896352","51.5650545537293","53.674662360458",NA,NA,"94.9127430799994","96.6955177822867","1.17114638069515","1.32004219950418","6.65016438137859","6.76635813202939","61.5103961029897","64.0268835369094","11","3","3","0","2","2","2","2","2","2","2","2","without Ad"
"none","300","wt-9","tobacco","ripe5","0","0","1","0","RECT-12243-20210724-05_20_30","10238.9","302.212","4052.3","0.925422105964514","-0.323430118240924","0.5","6","0.5","0: Broadleaf","999.9","0","0","0","0","4.99958","0","0","15","2","0","999.9","1","9999","9999","5","0","0","0","11111111","oooooooo","off","off","off","off","0","100","100","6","2275","1","21","18","21","data/tobacco/2023-03-23 ed aci ripe5","2023-03-23","300 - wt-9 - ripe5","300 - wt-9","Inf","Inf","0",NA,NA,NA,NA,"88.2289901341038","1.32268147530422",NA,"62.7068449085221","4","8","1","1","","consider_depletion = TRUE","420","17","5","12","2.96359449490514","0.174329087935596","0.417527349925243","0.496956947741715","30.5481323758077",NA,"Inf","99.3475664100239","1.49941356256986",NA,"74.8043121926723",NA,NA,"10050","optimizer_deoptim","334.051658864656","334.051658864656","15.3612830743763","16.2571677721928","9.27406618790385",NA,NA,"-0.0178722353557949","Inf",NA,NA,NA,NA,NA,NA,NA,NA,"86.7749718166959","89.6867745642707","1.14900738358623","1.4988661614018","6.23930880608553","Inf","59.8321121890655","65.5714792701291",NA,NA,"97.7103133809401","100.989060155644","1.30253374422278","1.69913943216448","7.00864241011241","Inf","71.374983159607","78.2215946825841","7","6","1","3","2","2","1","1","1","1","1","2","with Ad"
"none","400","wt-10","tobacco","ripe5","0","0","1","0","RECT-12243-20210724-05_20_30","10238.9","302.212","4052.3","0.925422105964514","-0.323430118240924","0.5","6","0.5","0: Broadleaf","999.9","0","0","0","0","4.99958","0","0","15","2","0","999.9","1","9999","9999","5","0","0","0","11111111","oooooooo","off","off","off","off","0","100","100","6","2275","1","21","18","21","data/tobacco/2023-03-23 ed aci ripe5","2023-03-23","400 - wt-10 - ripe5","400 - wt-10","Inf","Inf","0","0","1.10967035116672","0","0","106.716696571884","1.37487861473522","6.04848883943137","67.3903457205314","4","8","1","1","","consider_depletion = FALSE","420","17","5","12","0.790537243922182","0.0465021908189519","0.215643666308454","0.256667301501734","8.08356062604447",NA,"Inf","120.175160754566","1.55872320795864","6.7948149820195","80.4013946789469",NA,NA,"10050","optimizer_deoptim","260.077391564036","260.077391564036","15.210434965977","16.2231797508475","-1.95821968697776",NA,NA,"1.03919988296443","1.17885613151832",NA,NA,NA,NA,NA,NA,NA,NA,"105.607457566044","107.831883796053","1.28456067594768","1.46521068663325","5.98623749633114","6.11091204430295","65.9962551667095","68.7864146422159",NA,NA,"118.926031235717","121.430988645057","1.45632822866788","1.66113421019651","6.7248824137405","6.86494061818203","78.7381471671912","82.0670025218989","11","3","3","0","2","2","2","2","2","2","2","2","without Ad"
"none","400","wt-2","tobacco","mcgrath1","0","0","1","0","RECT-12243-20210724-05_20_30","10238.9","302.212","4052.3","0.925422105964514","-0.323430118240924","0.5","6","0.5","0: Broadleaf","999.9","0","0","0","0","5.00098","0","0","15","2","0","999.9","1","9999","9999","5","0","0","0","11111111","oooooooo","off","off","off","off","0","100","100","1","2242","1","25","18","21","data/tobacco/2023-03-23 ed aci mcgrath1","2023-03-23","400 - wt-2 - mcgrath1","400 - wt-2","Inf","Inf","0","0","0.000140995691757875","0","0",NA,"1.70906132222003","7.51696435450588","55.9561722146261","4","8","1","1","","consider_depletion = TRUE","420","17","5","12","5.63565172117457","0.331508924774975","0.575768117192134","0.685301133394083","41.4742008245103",NA,"Inf",NA,"1.93644304832799","8.44014160423755","66.7038951266563",NA,NA,"10050","optimizer_deoptim","237.074609561783","237.074609561783","10.2491725832628","11.5969242967255","14.7371004122551",NA,NA,"-0.180773419406391","0.232829242926053",NA,NA,NA,NA,NA,NA,NA,NA,"102.430279639835","Inf","1.46802889279468","1.95071320156125","7.33034750679538","7.72191643062098","53.748845904523","58.5261735770607",NA,NA,"115.283448263747","Inf","1.66334250692902","2.21024545423456","8.23060587330531","8.67026435897125","64.0725989376554","69.7675267971299","10","2","3","2","2","1","2","2","2","2","2","2","with Ad"
"none","400","wt-3","tobacco","ripe5","0","0","1","0","RECT-12243-20210724-05_20_30","10238.9","302.212","4052.3","0.925422105964514","-0.323430118240924","0.5","6","0.5","0: Broadleaf","999.9","0","0","0","0","4.99958","0","0","15","2","0","999.9","1","9999","9999","5","0","0","0","11111111","oooooooo","off","off","off","off","0","100","100","6","2275","1","21","18","21","data/tobacco/2023-03-24 ed aci ripe5","2023-03-24","400 - wt-3 - ripe5","400 - wt-3","Inf","Inf","0","0","0.777048845354548","0","0","114.626948220192","2.13993971427507","7.17263401600126","64.5371343894016","4","8","1","1","","consider_depletion = TRUE","420","17","5","12","1.05436837683121","0.0620216692253652","0.249041501010103","0.296418675866755","12.9792954557659",NA,"Inf","128.991082557285","2.42426082320394","8.05237086217434","76.9159209972726",NA,NA,"10050","optimizer_deoptim","260.487175460031","260.487175460031","13.9870255517088","14.6228632188959","0.489647727882955",NA,NA,"0.699983111663375","0.852597729412041",NA,NA,NA,NA,NA,NA,NA,NA,"113.109716353816","116.15200370339","2.03520182538842","2.24400641589343","7.09704618617365","7.24847517958311","63.4872827981284","65.5948762078598",NA,NA,"127.283723302126","130.707245822485","2.30560703167924","2.54215425078533","7.96751204502558","8.13751408493148","75.664698692204","78.1765469440827","10","2","3","2","2","2","2","2","2","2","2","2","with Ad"
"none","400","wt-9","tobacco","mcgrath1","0","0","1","0","RECT-12243-20210724-05_20_30","10238.9","302.212","4052.3","0.925422105964514","-0.323430118240924","0.5","6","0.5","0: Broadleaf","999.9","0","0","0","0","5.00098","0","0","15","2","0","999.9","1","9999","9999","5","0","0","0","11111111","oooooooo","off","off","off","off","0","100","100","1","2242","1","25","18","21","data/tobacco/2023-03-24 ed aci mcgrath1","2023-03-24","400 - wt-9 - mcgrath1","400 - wt-9","Inf","Inf","0","0","0.610481322268416","0","0","103.734466440689","1.61000939006947","6.86576427461252","69.028515181271","4","8","1","1","","consider_depletion = TRUE","420","17","5","12","0.977512446931687","0.0575007321724522","0.239793102845875","0.285410880272005","11.6926309659177",NA,"Inf","116.732096899972","1.82389665486023","7.70773461601085","82.2673682767477",NA,NA,"10050","optimizer_deoptim","276.934641175803","276.934641175803","15.6804285435226","17.4815666643443","-0.153684517041147",NA,NA,"0.521367626350155","0.725942600930418",NA,NA,NA,NA,NA,NA,NA,NA,"102.592745853227","104.966939988093","1.51103453018714","1.71210809495758","6.7861670456666","6.9537451911691","67.6113664326993","70.5254999187369",NA,NA,"115.447322004789","118.118995840109","1.71177313746456","1.93955901525363","7.61837612766985","7.80650491003319","80.5784271529886","84.0514569881792","8","3","3","3","2","2","2","2","2","2","2","2","with Ad"
"none","450","wt-5","tobacco","mcgrath2","0","0","1","0","RECT-12243-20210724-05_20_30","10238.9","302.212","4052.3","0.925422105964514","-0.323430118240924","0.5","6","0.5","0: Broadleaf","999.9","0","0","0","0","4.99977","0","0","15","2","0","999.9","1","9999","9999","5","0","0","0","11111111","oooooooo","off","off","off","off","0","100","100","2","2094","1","26","18","21","data/tobacco/2023-03-21 ed aci mcgrath2","2023-03-21","450 - wt-5 - mcgrath2","450 - wt-5","Inf","Inf","0","0","0.500225634329668","0","0","109.668775503071","1.34571945813758","7.45080566085488","58.699151212695","4","8","1","1","","consider_depletion = FALSE","420","16","5","11","0.118737621507798","0.0074211013442374","0.0861458144324923","0.103895761357149","-21.0488117962482",NA,"Inf","123.466497302231","1.5252336156995","8.36811670039654","70.004288261436",NA,NA,"10050","optimizer_deoptim","262.384483891846","262.384483891846","13.6191456960042","14.0910464850553","-16.5244058981241",NA,NA,"0.459200847314777","0.538401048533824",NA,NA,NA,NA,NA,NA,NA,NA,"109.24433481624","110.079047204067","1.31053853170664","1.38508525913735","7.41610628234814","7.48318511699755","58.2064546750674","59.2281254697453",NA,NA,"122.988656598027","123.928386382618","1.48535967964287","1.56985067360908","8.32914528415075","8.40448257544826","69.4167010522016","70.6351400814095","11","3","2","0","2","2","2","2","2","2","2","2","without Ad"
"none","500","wt-10","tobacco","mcgrath1","0","0","1","0","RECT-12243-20210724-05_20_30","10238.9","302.212","4052.3","0.925422105964514","-0.323430118240924","0.5","6","0.5","0: Broadleaf","999.9","0","0","0","0","5.00098","0","0","15","2","0","999.9","1","9999","9999","5","0","0","0","11111111","oooooooo","off","off","off","off","0","100","100","1","2242","1","25","18","21","data/tobacco/2023-03-23 ed aci mcgrath1","2023-03-23","500 - wt-10 - mcgrath1","500 - wt-10","Inf","Inf","0","0","0.63055783983718","0","0","116.376739843082","1.20148865485225","7.32876581295141","66.5650949981774","4","8","1","1","","consider_depletion = FALSE","420","17","5","12","1.45893085616366","0.0858194621272744","0.292949589737337","0.348679754713364","18.5002491918231",NA,"Inf","131.048407556178","1.36209243042849","8.23277898478361","79.4122237357127",NA,NA,"10050","optimizer_deoptim","293.459411292567","293.459411292567","18.0744567348626","18.2007210959349","3.25012459591154",NA,NA,"0.541372085740811","0.717659086095269",NA,NA,NA,NA,NA,NA,NA,NA,"114.579274247388","118.170070334267","1.0788401456646","1.32429168319577","7.23845968027901","7.41930106705319","65.4140812047884","67.7169096728197",NA,NA,"129.024334667813","133.067824025557","1.22304941467202","1.50131062001761","8.13133346854832","8.33448188488638","78.0390631492823","80.7863397742653","12","2","3","0","2","2","2","2","2","2","2","2","without Ad"
"none","500","wt-3","tobacco","ripe5","0","0","1","0","RECT-12243-20210724-05_20_30","10238.9","302.212","4052.3","0.925422105964514","-0.323430118240924","0.5","6","0.5","0: Broadleaf","999.9","0","0","0","0","4.99958","0","0","15","2","0","999.9","1","9999","9999","5","0","0","0","11111111","oooooooo","off","off","off","off","0","100","100","6","2275","1","21","18","21","data/tobacco/2023-03-23 ed aci ripe5","2023-03-23","500 - wt-3 - ripe5","500 - wt-3","Inf","Inf","0","0","0.717479212461146","0","0","128.991028611795","1.78118554049756","7.84475878994437","76.8079088498874","4","8","1","1","","consider_depletion = TRUE","420","17","5","12","0.64054609330044","0.0376791819588494","0.194111261803249","0.231038613890341","4.5069019535274",NA,"Inf","145.215728452029","2.01873055787281","8.81033947233673","91.5969862793906",NA,NA,"10050","optimizer_deoptim","246.276874520805","246.276874520805","16.859768505474","17.2480480663181","-3.7465490232363",NA,NA,"0.663921184467001","0.770020758652417",NA,NA,NA,NA,NA,NA,NA,NA,"127.790330967416","130.194567614513","1.69991609849507","1.86260499819469","7.78542061083532","7.90391218138321","75.9272412821384","77.687549899878",NA,NA,"143.864005119362","146.570650533672","1.92662274413777","2.11100839391045","8.74369758880409","8.87677382340743","90.5467494440477","92.6459989447952","10","2","3","2","2","2","2","2","2","2","2","2","with Ad"
"none","500","wt-7","tobacco","ripe5","0","0","1","0","RECT-12243-20210724-05_20_30","10238.9","302.212","4052.3","0.925422105964514","-0.323430118240924","0.5","6","0.5","0: Broadleaf","999.9","0","0","0","0","4.99958","0","0","15","2","0","999.9","1","9999","9999","5","0","0","0","11111111","oooooooo","off","off","off","off","0","100","100","6","2275","1","21","18","21","data/tobacco/2023-03-24 ed aci ripe5","2023-03-24","500 - wt-7 - ripe5","500 - wt-7","Inf","Inf","0","0","0.935750243459958","0","0","127.05701646987","1.90416941742988","6.91317769219609","82.8779390372935","4","8","1","1","","consider_depletion = TRUE","420","17","5","12","1.25118587368363","0.0735991690402133","0.271291667841483","0.322901671524995","15.8888438890248",NA,"Inf","142.933430795478","2.15644189151031","7.75884132902631","98.7279646516202",NA,NA,"10050","optimizer_deoptim","305.576593516221","305.576593516221","21.2344764640217","22.6547854182987","1.94442194451239",NA,NA,"0.878311501163652","0.991976625715227",NA,NA,NA,NA,NA,NA,NA,NA,"125.28178106755","128.82852991847","1.79035229589046","2.01789405075134","6.84476778807038","6.98166340822432","81.4389280048594","84.3165032426538",NA,NA,"140.93637078594","144.926303774427","2.02754579297408","2.28523324859558","7.68206309258022","7.83570465116652","97.0137493611131","100.441647661426","9","2","4","2","2","2","2","2","2","2","2","2","with Ad"
"none","500","wt-9","tobacco","mcgrath1","0","0","1","0","RECT-12243-20210724-05_20_30","10238.9","302.212","4052.3","0.925422105964514","-0.323430118240924","0.5","6","0.5","0: Broadleaf","999.9","0","0","0","0","5.00098","0","0","15","2","0","999.9","1","9999","9999","5","0","0","0","11111111","oooooooo","off","off","off","off","0","100","100","1","2242","1","25","18","21","data/tobacco/2023-03-24 ed aci mcgrath1","2023-03-24","500 - wt-9 - mcgrath1","500 - wt-9","Inf","Inf","0","0","0.629860039835571","0","0",NA,"1.96914569039037","7.10069419668465","60.5361593890541","4","8","1","1","","consider_depletion = TRUE","420","17","5","12","16.1217854921762","0.948340323069186","0.973827666001118","1.15908676308032","59.3421986692773",NA,"Inf",NA,"2.2310665958592","7.97248428394335","72.1609582975974",NA,NA,"10050","optimizer_deoptim","234.490967389318","234.490967389318","10.3817568801348","12.2600782965051","23.6710993346386",NA,NA,"0.35889827884503","0.926911946811388",NA,NA,NA,NA,NA,NA,NA,NA,"108.365105143433","Inf","1.57292310307293","2.38965219597836","6.80109688480158","7.39323609624984","57.2661839885453","64.1532791992904",NA,NA,"121.959651349082","Inf","1.78214146888518","2.70750570472619","7.6361038126347","8.30094311234458","68.2630473483118","76.4726760282578","11","1","3","2","2","1","2","2","2","2","2","2","with Ad"
"none","600","wt-1","tobacco","mcgrath1","0","0","1","0","RECT-12243-20210724-05_20_30","10238.9","302.212","4052.3","0.925422105964514","-0.323430118240924","0.5","6","0.5","0: Broadleaf","999.9","0","0","0","0","5.00098","0","0","15","2","0","999.9","1","9999","9999","5","0","0","0","11111111","oooooooo","off","off","off","off","0","100","100","1","2242","1","25","18","21","data/tobacco/2023-03-24 ed aci mcgrath1","2023-03-24","600 - wt-1 - mcgrath1","600 - wt-1","Inf","Inf","0","0","1.3690057270653","0","0","111.804257493032","1.4192344076829","5.49831668865838","63.5722037596545","4","8","1","1","","consider_depletion = TRUE","420","17","5","12","0.668939595934593","0.0393493879961526","0.198366801648241","0.236103719428311","5.2442375587801",NA,"Inf","125.808765565272","1.60771994263328","6.17242374769036","75.7606506861034",NA,NA,"10050","optimizer_deoptim","273.319695080733","273.319695080733","15.4969775321517","15.9335237877848","-3.37788122060995",NA,NA,"1.32312144127253","1.41392963556846",NA,NA,NA,NA,NA,NA,NA,NA,"110.032677308215","113.575432732011","1.33639732167099","1.5026853691669","5.45160846554269","5.54488147231739","62.7648766568294","64.3791092597797",NA,NA,"123.815278723631","127.801796737896","1.51388143755616","1.70225385069206","6.11998898230728","6.22469748758894","74.7985379542907","76.7222609829998","9","1","4","3","2","2","2","2","2","2","2","2","with Ad"
"none","600","wt-8","tobacco","mcgrath2","0","0","1","0","RECT-12243-20210724-05_20_30","10238.9","302.212","4052.3","0.925422105964514","-0.323430118240924","0.5","6","0.5","0: Broadleaf","999.9","0","0","0","0","4.99977","0","0","15","2","0","999.9","1","9999","9999","5","0","0","0","11111111","oooooooo","off","off","off","off","0","100","100","2","2094","1","26","18","21","data/tobacco/2023-03-21 ed aci mcgrath2","2023-03-21","600 - wt-8 - mcgrath2","600 - wt-8","Inf","Inf","0","0","0.302100599722345","0","0","113.240971533995","1.14526251183058","7.65755025925378","62.3822631832182","4","8","1","1","","consider_depletion = FALSE","420","16","5","11","0.407075603780708","0.0254422252362942","0.15950619184312","0.192371705484391","-1.33548812713642",NA,"Inf","127.479928826854","1.29794831010982","8.59980535586215","74.3896464480742",NA,NA,"10050","optimizer_deoptim","282.975141970379","282.975141970379","16.0108514978909","16.4628434496761","-6.66774406356821",NA,NA,"0.249956737810811","0.353468450589322",NA,NA,NA,NA,NA,NA,NA,NA,"112.263310698512","114.217881370338","1.07629494230212","1.21413993868364","7.60598841754537","7.70905485380161","61.5158075176409","63.2482447553984",NA,NA,"126.379336593884","128.579675629802","1.21978602033159","1.37600843943838","8.5418988730485","8.65764754730042","73.3564147675255","75.4223127813848","11","2","3","0","2","2","2","2","2","2","2","2","without Ad"
"none","600","wt-9","tobacco","mcgrath1","0","0","1","0","RECT-12243-20210724-05_20_30","10238.9","302.212","4052.3","0.925422105964514","-0.323430118240924","0.5","6","0.5","0: Broadleaf","999.9","0","0","0","0","5.00098","0","0","15","2","0","999.9","1","9999","9999","5","0","0","0","11111111","oooooooo","off","off","off","off","0","100","100","1","2242","1","25","18","21","data/tobacco/2023-03-23 ed aci mcgrath1","2023-03-23","600 - wt-9 - mcgrath1","600 - wt-9","Inf","Inf","0","0","0.810732234328458","0","0","117.574871509727","1.36601574825565","6.89107432443696","71.2776117524007","4","8","1","1","","consider_depletion = TRUE","420","17","5","12","0.580398413985809","0.0341410831756358","0.184773058576287","0.219923928890918","2.83059493982877",NA,"Inf","132.441903274731","1.54915984630766","7.74345701603908","85.0767092295599",NA,NA,"10050","optimizer_deoptim","328.393497525027","328.393497525027","20.5668521191647","21.5048152674122","-4.58470253008561",NA,NA,"0.768496509031511","0.852058219386939",NA,NA,NA,NA,NA,NA,NA,NA,"116.384525510045","118.764133186735","1.28920284666954","1.44395639608881","6.84319839984908","6.93848638962555","70.3842017946961","72.1649201525165",NA,NA,"131.101041169342","133.781543947709","1.46204850592412","1.63755013183148","7.68965913972904","7.79673365645023","84.0103382145144","86.1357974467105","8","2","4","3","2","2","2","2","2","2","2","2","with Ad"
"none","800","wt-5","tobacco","mcgrath1","0","0","1","0","RECT-12243-20210724-05_20_30","10238.9","302.212","4052.3","0.925422105964514","-0.323430118240924","0.5","6","0.5","0: Broadleaf","999.9","0","0","0","0","5.00098","0","0","15","2","0","999.9","1","9999","9999","5","0","0","0","11111111","oooooooo","off","off","off","off","0","100","100","1","2242","1","25","18","21","data/tobacco/2023-03-23 ed aci mcgrath1","2023-03-23","800 - wt-5 - mcgrath1","800 - wt-5","Inf","Inf","0","0","1.08275361848039","0","0","144.815936444389","1.38720148917147","7.76199733131768","78.9700449809534","4","8","1","1","","consider_depletion = TRUE","420","17","5","12","0.538223332374002","0.0316601960220001","0.177933122329712","0.211782776364132","1.5480945666576",NA,"Inf","163.009806562456","1.57198658159999","8.7163066170501","94.1573476817444",NA,NA,"10050","optimizer_deoptim","317.655345611754","317.655345611754","23.1769747061238","23.2739727317253","-5.2259527166712",NA,NA,"1.05145743019556","1.11397856751132",NA,NA,NA,NA,NA,NA,NA,NA,"143.228611746305","146.411327147907","1.31213977891406","1.46133425458198","7.71839944713051","7.80606218422974","78.3087358575795","79.6341505069034",NA,NA,"161.223059203433","164.805633295047","1.48692611833083","1.65599435796982","8.66734853188086","8.76578908304723","93.368857399516","94.9491721630313","9","1","4","3","2","2","2","2","2","2","2","2","with Ad"
